group_id,message_id,message_type,origin,original_text,clean_text,annotation_type,annotation_target,annotation_additional,team_performance,performance_change,sol_tracker_message,sol_tracker_all,strata,original_index
6b331b42-c9a7-4ccc-89f4-0589b8dcc79e,f5fc0ac6-4e30-4d82-979f-944548970f85,MESSAGE,Alpaca,'oh yeah you''re right. it doesn''t say anything about consonants','oh yeah you''re right . it doesn''t say anything about consonants',Non-probing-deliberation,Agree,0,0.5,0.0,,"{""Raven"": [""U"", ""8""], ""Alpaca"": [""U"", ""J""], ""Llama"": [""J""], ""Butterfly"": [""U""]}",Non-probing-deliberation,7040
65a49cb8-509d-478c-a2c6-3f27ebc89526,2fa0abe1-1214-426f-add3-88a3e1c6c28b,MESSAGE,Hedgehog,i think we can eliminate flipping P and 4 due to that,i think we can eliminate flipping <CARD> and <CARD> due to that,Non-probing-deliberation,Solution,0,0.5,-0.15,"P,4","{""Lion"": [""E""], ""Hedgehog"": [""P"", ""4""], ""Bat"": [""E""], ""Hamster"": [""E"", ""9"", ""P"", ""4""], ""Chipmunk"": [""E"", ""9"", ""P"", ""4""]}",Non-probing-deliberation,6692
f4848857-5c76-4052-8d5f-dc4c788e7268,5dea4c55-b4a7-4452-a4c8-b6ab999bfc9d,MESSAGE,Duck,"I selected the ""U"" and ""6"" card","I selected the "" <CARD> "" and "" <CARD> "" card",Non-probing-deliberation,Solution,complete_solution,0.625,0.0,"U,6","{""Lobster"": [""3"", ""U"", ""6""], ""Duck"": [""U"", ""6""]}",Non-probing-deliberation,16546
3c440b2a-b483-4ad4-a1ec-c66df4bddbe9,5ae46f6a-72ec-4b37-90d9-ffb5fe4f522a,MESSAGE,Guinea pig,ok ill choose z and 5,ok ill choose <CARD> and <CARD>,Non-probing-deliberation,Solution,complete_solution,0.417,-0.083,"5,Z","{""Llama"": [""5"", ""2"", ""A"", ""Z""], ""Guinea pig"": [""5"", ""Z""], ""Tiger"": [""Z""]}",Non-probing-deliberation,3791
b8ea60b6-8519-428d-9aae-69b204dcb7b8,63087726-bd76-4ca1-9b7f-a2f6335cb0d5,MESSAGE,Zebra,"exactly Bee. I think either just the U, or all 4. GP, what is your reasoning for choosing another in addition to U?","exactly <MENTION> . I think either just the <CARD> , or all <CARD> . GP , what is your reasoning for choosing another in addition to <CARD> ?",Non-probing-deliberation,Reasoning,"partial_solution,specific_addressee",0.5,0.0,"U,4,5,P","{""Guinea pig"": [""5"", ""U"", ""P"", ""4""], ""Bee"": [""5"", ""U"", ""P"", ""4""], ""Zebra"": [""U"", ""4"", ""5"", ""P""]}",Non-probing-deliberation,12166
f8704b44-06e5-4938-8c61-6a64aabf442b,2d664e9b-78c7-4dc4-b21b-b8ebf445cd71,MESSAGE,Bee,What about Zebra?,What about Zebra ?,Probing,Moderation,specific_addressee,0.5,0.0,,"{""Zebra"": [""5"", ""S"", ""A""], ""Cat"": [""2"", ""A""], ""Bee"": [""2""], ""Llama"": [""5"", ""S"", ""2"", ""A""]}",Probing,16918
975b08c3-6103-445a-92dc-eff7beff9619,0cacc9b9-bb3b-4703-b1cb-c0950ca22feb,MESSAGE,Alpaca,TRUE,TRUE,Non-probing-deliberation,Agree,0,0.75,0.0,,"{""Alpaca"": [""I""], ""Cat"": [""I""], ""Duck"": [""I""]}",Non-probing-deliberation,9949
59695316-8ed5-48e2-b924-ae52555724a9,f97eac7a-a419-4f9d-b624-150d1ef82c84,MESSAGE,Beaver,finale desicion isA,finale desicion isA,Non-probing-deliberation,Solution,complete_solution,0.625,0.0,,"{""Panda"": [""2"", ""A""], ""Chipmunk"": [""2"", ""A""], ""Beaver"": [""A""], ""Butterfly"": [""3"", ""2"", ""A""]}",Non-probing-deliberation,5963
b083a9b8-d784-435c-afb8-a6d793a63dea,45253cf5-1f1b-4437-a377-f7018ad6db04,MESSAGE,Guinea pig,Giraffe? Still there?,<MENTION> ? Still there ?,Probing,Moderation,specific_addressee,0.438,0.0,,"{""Giraffe"": [""E"", ""9"", ""K""], ""Duck"": [""E"", ""2"", ""9"", ""K""], ""Guinea pig"": [""2""], ""Alpaca"": [""2""]}",Probing,11820
d4d97ccf-79cf-4c67-bcd6-eee11c5c423a,0338d77b-e944-415f-b26a-188ff07b9aeb,MESSAGE,Raven,"With understanding the rule; ""All"" should imply every single one, right?","With understanding the rule ; "" All "" should imply every single one , right ?",Non-probing-deliberation,Reasoning,0,0.583,0.0,,"{""Lion"": [""3"", ""F""], ""Narwhal"": [""E""], ""Raven"": [""E"", ""4""]}",Non-probing-deliberation,14184
433eac28-8d1f-4fe1-b28b-c73d2dc107ef,e673b711-011a-4d51-8aca-847bb015c6f8,MESSAGE,Panda,A also,<CARD> also,Non-probing-deliberation,Solution,partial_solution,0.65,0.05,A,"{""Narwhal"": [""A""], ""Falcon"": [""2"", ""9""], ""Panda"": [""A""], ""Bee"": [""9""], ""Beaver"": [""N"", ""9""]}",Non-probing-deliberation,4506
506b43d8-a340-4746-88dc-a70e7a6fc65e,c7e2f3be-d12d-42af-90de-60b44db63bae,MESSAGE,Zebra,thanks,thanks,,0,0,0.55,0.0,,"{""Panda"": [""F""], ""Raven"": [""E""], ""Koala"": [""6""], ""Puffin"": [""E""], ""Zebra"": [""E""]}",None,5202
05627bda-cc61-43bb-833f-90e6140074dc,6919c86c-691b-4b37-add3-45ebd1eb0461,MESSAGE,Ox,im good with that,im good with that,Non-probing-deliberation,Agree,0,0.625,0.0,,"{""Giraffe"": [""A""], ""Lion"": [""A"", ""F""], ""Emu"": [""A""], ""Ox"": [""3"", ""F"", ""A"", ""6""]}",Non-probing-deliberation,370
bb731fa3-56a3-4b99-bea3-9253acd30840,fd667b03-6d15-4703-bb80-20b12fa8e4f5,MESSAGE,Hamster,When I write Es they do normally look like backwards 3s now that you mention it lol,When I write Es they do normally look like backwards 3s now that you mention it lol,,0,0,0.75,0.0,,"{""Hamster"": [""E""], ""Lion"": [""E""]}",None,12283
3ceabe59-715c-4485-acb4-a928d6aed50a,cf396a9f-c734-4781-966f-b5df1cd903b2,MESSAGE,Lion,Heyo,Heyo,,0,0,0.438,0.0,,"{""Duck"": [""E"", ""8"", ""3""], ""Lion"": [""E"", ""8""], ""Alpaca"": [""3"", ""8"", ""K""], ""Lobster"": [""8""]}",None,3889
ac15c66b-d834-469b-8e23-a520301069a3,05c3c80d-3fde-43c8-b036-268fc5d4a77c,MESSAGE,Bee,I think Zebra has gone?,I think <MENTION> has gone ?,,0,0,0.5,0.0,,"{""Llama"": [""3"", ""U"", ""C"", ""4""], ""Bee"": [""U"", ""4""], ""Zebra"": [""3"", ""C""]}",None,11225
15171c24-cf47-4e89-82e2-6d56b88ce3a4,b3352d27-1001-404e-94cc-60f5a6b89b38,MESSAGE,Emu,9 has a vowel also,<CARD> has a vowel also,Non-probing-deliberation,Reasoning,partial_solution,0.4,0.0,9,"{""Koala"": [""M""], ""Emu"": [""9""], ""Alpaca"": [""8""], ""Duck"": [""U"", ""8""], ""Bee"": [""8""]}",Non-probing-deliberation,1411
442d9e64-97f2-427a-a16c-0d433774c755,b8329427-0818-4d70-8ccb-16179860d15f,MESSAGE,Alpaca,good to do,good to do,,0,0,0.75,0.0,,"{""Alpaca"": [""5""], ""Emu"": [""5"", ""A""], ""Lion"": [""B"", ""A"", ""5"", ""6""]}",None,4556
96e43ae2-2b3b-4080-94b9-7d0795c89139,200bc006-b835-45cd-bd29-d092f25747ba,MESSAGE,Leopard,So I chose E to turn around,So I chose <CARD> to turn around,Non-probing-deliberation,Solution,0,0.625,0.0,E,"{""Leopard"": [""E""], ""Kiwi"": [""E"", ""4""]}",Non-probing-deliberation,9914
a786740d-d1b1-4179-bf47-77e25c16062f,faa60a6a-cc4f-47d8-a673-fb7e53ca9cfc,MESSAGE,Lion,okay,okay,,0,0,0.5,0.0,,"{""Lion"": [""U""], ""Zebra"": [""4""], ""Tiger"": [""9"", ""Z"", ""U"", ""4""], ""Lobster"": [""9"", ""4""]}",None,10919
7ed57c8b-c7e1-4858-98eb-3aa1c3934e85,6a6d7fc6-29b6-4021-b65a-e1b934921f6c,MESSAGE,Kiwi,Me too. Goodbye,Me too . Goodbye,Non-probing-deliberation,Agree,0,0.75,0.0,,"{""Kiwi"": [""5""], ""Beaver"": [""5""], ""Ox"": [""5"", ""A""], ""Guinea pig"": [""8"", ""A""]}",Non-probing-deliberation,8496
21dc071c-0ea9-47b5-a519-2029d6578602,825bcb17-20b8-476e-a688-7d4dde378e8a,MESSAGE,Duck,"7,8,A....OK","7,8 , <CARD> ... OK",Non-probing-deliberation,Solution,complete_solution,0.45,0.05,A,"{""Raven"": [""8"", ""A""], ""Dolphin"": [""8"", ""7"", ""C""], ""Lion"": [""8"", ""7"", ""C"", ""A""], ""Duck"": [""A""], ""Hamster"": [""C""]}",Non-probing-deliberation,2446
fac1ef00-6500-4583-9d21-fb4dce54ea07,4e4b5a7f-5fb6-424a-bad2-1cff76eb9bfb,MESSAGE,Bat,"I originally did A, 2, and 5 and while I was waiting for you guys I was like... shoot. That was wrong lol","I originally did <CARD> , <CARD> , and <CARD> and while I was waiting for you guys I was like ... shoot . That was wrong lol",Non-probing-deliberation,Reasoning,0,0.7,-0.05,"5,2,A","{""Beaver"": [""A""], ""Lion"": [""5"", ""A""], ""Bat"": [""5"", ""2"", ""A""], ""Unicorn"": [""2"", ""A""], ""Tiger"": [""5"", ""2"", ""A"", ""F""]}",Non-probing-deliberation,17121
28e38a3c-0298-4585-b05f-cef4968f56c1,88f1422b-482f-4d61-be1b-fb2d0fd2236d,MESSAGE,Alpaca,Hello,Hello,,0,0,0.833,0.0,,"{""Bee"": [""U"", ""4""], ""Alpaca"": [""U"", ""9""], ""Tiger"": [""U"", ""9""]}",None,2781
074de597-b9e9-4186-ae35-261cc8ef46f7,956fedf4-41ef-4b37-ad0c-60bb0891a9c5,MESSAGE,Narwhal,"'Wait, it''s not A and 5.'","'Wait , it''s not <CARD> and <CARD> .'",Non-probing-deliberation,Disagree,0,0.8,0.0,"5,A","{""Tiger"": [""5"", ""A""], ""Bat"": [""5"", ""A""], ""Puffin"": [""8"", ""A""], ""Narwhal"": [""5"", ""A""], ""Llama"": [""5"", ""8"", ""L"", ""A""]}",Non-probing-deliberation,671
d1480150-7b01-409a-a116-3d20d90a7287,d97aaff9-bcd4-455d-be4d-1c5a9c986965,MESSAGE,Tiger,we,we,,0,0,0.5,0.0,,"{""Falcon"": [""3"", ""U"", ""T"", ""6""], ""Bee"": [""3"", ""U"", ""6""], ""Tiger"": [""6""]}",None,13895
d2d71e3d-051e-43e2-b4d4-055f43975d16,6049ad46-e8f0-4d23-bb47-47fbb667c953,MESSAGE,Alpaca,Yeah me too.,Yeah me too .,,0,0,0.375,0.0,,"{""Alpaca"": [""R""], ""Tiger"": [""E"", ""2"", ""7"", ""R""]}",None,14030
e2c4cf39-4f8c-49ab-8a74-eca6f266e7ea,391b4e75-81b1-4a16-ac75-92c94223c41e,MESSAGE,Bee,okay sounds good =D,okay sounds good =D,Non-probing-deliberation,Agree,0,0.5,0.0,,"{""Ox"": [""8"", ""A""], ""Bee"": [""W"", ""A""], ""Dolphin"": [""W"", ""A""]}",Non-probing-deliberation,15401
3ceabe59-715c-4485-acb4-a928d6aed50a,c7f09537-5e3e-43a2-b9df-067a8a4b3ebd,MESSAGE,Duck,i think i disagree,i think i disagree,Non-probing-deliberation,Disagree,0,0.438,0.0,,"{""Duck"": [""K""], ""Lion"": [""E"", ""8"", ""3""], ""Alpaca"": [""K""], ""Lobster"": [""E"", ""8"", ""K"", ""3""]}",Non-probing-deliberation,3925
3da6a613-d88b-4445-9607-37bb86949fc2,f6afd119-b4a0-4ce2-bbee-f9dee9dfc30f,MESSAGE,Guinea pig,3 and E,<CARD> and <CARD>,Non-probing-deliberation,Solution,complete_solution,0.55,0.0,"3,E","{""Bat"": [""F""], ""Llama"": [""E"", ""2""], ""Puffin"": [""E"", ""2""], ""Emu"": [""E"", ""2""], ""Guinea pig"": [""3"", ""E""]}",Non-probing-deliberation,4029
816e2b09-21bc-4d7b-9d34-c1a3352bafe3,d15d8cab-c425-4304-9c8f-47579264f4d1,MESSAGE,Tiger,Agreed.,Agreed .,Non-probing-deliberation,Agree,0,0.583,0.0,,"{""Tiger"": [""E"", ""2""], ""Puffin"": [""9""], ""Cat"": [""W"", ""9""]}",Non-probing-deliberation,8560
5f8ffdf7-0996-4464-93fe-4589416772df,507560af-9880-422e-a905-097c6fccfbf1,MESSAGE,Lion,'Why did you think it wasn''t 8?','Why did you think it wasn''t <CARD> ?',Probing,Reasoning,consider_opposite,0.583,-0.167,8,"{""Beaver"": [""E"", ""X"", ""5"", ""8""], ""Lion"": [""8""], ""Giraffe"": [""E"", ""5""]}",Probing,6298
01e7d47c-8831-4492-abb0-88f94c7b02a3,db68e204-0718-45f3-81dd-57cd2bcc9fa2,MESSAGE,Kiwi,"if so, then we know the rule is not true","if so , then we know the rule is not true",Non-probing-deliberation,Reasoning,0,0.6,0.0,,"{""Kiwi"": [""A""], ""Bat"": [""A"", ""4""], ""Hamster"": [""A""], ""Falcon"": [""A"", ""4""], ""Narwhal"": [""L"", ""A""]}",Non-probing-deliberation,150
8a93c6ef-41bc-4ecd-9cf0-aa83c7dc6f7c,ce2ae074-c8fd-4593-adff-787a4f5ee04f,MESSAGE,Falcon,Ok.  Will pus the final decision button on my end.,Ok . Will pus the final decision button on my end .,,0,0,0.5,0.0,,"{""Bat"": [""E"", ""2""], ""Falcon"": [""E"", ""2""], ""Raven"": [""E"", ""2"", ""7"", ""M""]}",None,8996
340d338c-b371-4b85-81b5-a947c2fd60ef,73dbf173-6a9c-471c-8742-49760b1e2baf,MESSAGE,Beaver,Oh I see that makes sense. 9 and A I agree,Oh I see that makes sense . <CARD> and <CARD> I agree,Non-probing-deliberation,Solution,complete_solution,0.85,0.05,"9,A","{""Cat"": [""9"", ""A""], ""Hamster"": [""A""], ""Beaver"": [""9"", ""A""], ""Kiwi"": [""A""], ""Raven"": [""A""]}",Non-probing-deliberation,3430
41d996d6-a47d-4fef-91b2-4546afb5a8ad,c01b0e65-f3a6-475a-ac12-bf9b50321c54,MESSAGE,Butterfly,"By turning the ""6"" we verify if the letter is a vowel, thereby verifying the rule.","By turning the "" <CARD> "" we verify if the letter is a vowel , thereby verifying the rule .",Non-probing-deliberation,Reasoning,0,0.375,0.0,6,"{""Butterfly"": [""6""], ""Guinea pig"": [""X"", ""U""], ""Llama"": [""6""], ""Emu"": [""6""], ""Beaver"": [""3"", ""X"", ""U"", ""6""], ""Alpaca"": [""3"", ""U"", ""X"", ""6""]}",Non-probing-deliberation,4315
cb0c8b67-3011-4616-9b2d-8131cff9d254,9f43c34e-2739-489b-bf90-71b807d613da,MESSAGE,Cat,I think that is the best answer,I think that is the best answer,Non-probing-deliberation,Agree,0,0.5,0.0,,"{""Kiwi"": [""3"", ""U"", ""2"", ""X""], ""Cat"": [""X""], ""Beaver"": [""3"", ""U"", ""2"", ""X""], ""Hedgehog"": [""3"", ""U"", ""2""], ""Lion"": [""3"", ""U"", ""2"", ""X""]}",Non-probing-deliberation,13132
1adfd9cb-a10c-4f16-a880-29a0c7be304c,95352b17-1a56-4527-9bc3-aa0476d85205,MESSAGE,Raven,All 4,All <CARD>,Non-probing-deliberation,Solution,complete_solution,0.375,-0.25,4,"{""Bee"": [""A"", ""4""], ""Raven"": [""4""]}",Non-probing-deliberation,1928
260bd13b-306d-4ec3-b32d-55b9e9646905,fdd1d8c1-d651-4fae-aaab-0071f275183e,MESSAGE,Narwhal,"oh. anyways here is my reasoning, give me a sec to type it up.","oh . anyways here is my reasoning , give me a sec to type it up .",0,0,0,0.833,0.0,,"{""Beaver"": [""U""], ""Duck"": [""5""], ""Narwhal"": [""5"", ""U""]}",0,2666
e1ba5343-2071-4347-bf7d-7de00171b715,58a77d9b-11ba-4f6e-84fc-afb4a68d9f2b,MESSAGE,Falcon,I tink turn 6,I tink turn <CARD>,Non-probing-deliberation,Solution,partial_solution,0.438,-0.124,6,"{""Falcon"": [""6""], ""Hamster"": [""E"", ""6""], ""Guinea pig"": [""E"", ""6""], ""Cat"": [""E"", ""6""]}",Non-probing-deliberation,15107
3b20ab65-9771-4ffb-a785-e7e5453f7cd4,0239dcfb-5bb9-4e82-91ad-6d0139b4dfc4,MESSAGE,Unicorn,So what is our concensus.,So what is our concensus .,Probing,Moderation,0,0.5,0.0,,"{""Falcon"": [""7""], ""Emu"": [""E""], ""Bee"": [""B"", ""E"", ""7"", ""6""], ""Unicorn"": [""6""], ""Bat"": [""6""]}",Probing,3727
2cddf5d7-dfe4-4913-a02d-0c7424e46ce9,35c26678-0fb8-455a-8f1d-47647988895c,MESSAGE,Giraffe,we technically,we technically,,0,0,0.5,0.0,,"{""Giraffe"": [""3"", ""8""], ""Hamster"": [""B"", ""E""], ""Hedgehog"": [""B"", ""8"", ""E"", ""3""], ""Ox"": [""3"", ""8"", ""B"", ""E""]}",None,2991
ff16fd69-1457-4f35-b4a2-f1dc30fdc346,1ca92365-051c-4754-b9fd-e3cec52db1d5,MESSAGE,Falcon,Me too,Me too,Non-probing-deliberation,Agree,0,0.7,0.0,,"{""Chipmunk"": [""A""], ""Alpaca"": [""A""], ""Bat"": [""A""], ""Tiger"": [""A"", ""4""], ""Falcon"": [""A""]}",Non-probing-deliberation,17596
e91c890b-6c30-425b-b7bf-5731d83cbee9,0b449f8d-bcf6-42f3-b964-5a12bf9ca9a0,MESSAGE,Giraffe,'oh man..it''s getting ccooler here and some guy was grilling burgers and bacon on his charcoal grill the other night','oh man .. it''s getting ccooler here and some guy was grilling burgers and bacon on his charcoal grill the other night',,0,0,0.583,0.0,,"{""Giraffe"": [""U""], ""Narwhal"": [""W"", ""2""], ""Bee"": [""5"", ""U""]}",None,15861
893e88d7-ab30-488c-99e2-2f3edb333eec,67fd3312-1881-41cd-ba16-fbadb3179245,MESSAGE,Bat,it is an even number,it is an even number,Non-probing-deliberation,Reasoning,0,0.45,0.0,,"{""Guinea pig"": [""B""], ""Ox"": [""5"", ""U"", ""8"", ""B""], ""Alpaca"": [""8""], ""Koala"": [""5"", ""8""], ""Bat"": [""5""]}",Non-probing-deliberation,8856
e51ef2d9-ff74-4587-b1cf-7c2a3b8dbf3b,2b0b2115-b8e5-474a-a37f-c77f8f8cd53d,MESSAGE,Leopard,'it''s not too obvious','it''s not too obvious',Non-probing-deliberation,Disagree,0,0.6,0.0,,"{""Butterfly"": [""U"", ""9"", ""4""], ""Leopard"": [""U"", ""4""], ""Emu"": [""U"", ""4""], ""Cat"": [""U"", ""4""], ""Kiwi"": [""U""]}",Non-probing-deliberation,15536
44a41b61-89fa-409c-b8a3-766186d06873,e67a7aa7-590e-4482-b1fa-49729e51e551,MESSAGE,Duck,Oh. I see now.,Oh . I see now .,Non-probing-deliberation,Agree,0,0.417,0.0,,"{""Zebra"": [""E"", ""6""], ""Llama"": [""6""], ""Duck"": [""E"", ""6""]}",Non-probing-deliberation,4602
2d43c5a8-a321-4def-834d-7214dc119256,21a6bf1c-6971-459b-966d-2f874a87de28,MESSAGE,Hamster,Do they have a number on all four or a letter on all four? I believe we should turn B and E.,Do they have a number on all four or a letter on all four ? I believe we should turn <CARD> and <CARD> .,Non-probing-deliberation,Solution,complete_solution,0.375,0.0,"B,E,7,6","{""Hamster"": [""B"", ""E"", ""7"", ""6""], ""Unicorn"": [""E"", ""6""], ""Falcon"": [""B"", ""6""], ""Ox"": [""E"", ""6""]}",Non-probing-deliberation,3029
3dcd69f6-45ae-4107-8d86-238b35789270,15a0fd2f-9728-4413-9b35-bf67fa7ce2fe,MESSAGE,Guinea pig,could it be that consonants can use even numbers too?,could it be that consonants can use even numbers too ?,Non-probing-deliberation,Reasoning,0,0.583,0.0,,"{""Guinea pig"": [""U"", ""6""], ""Dolphin"": [""U"", ""6""], ""Panda"": [""9""]}",Non-probing-deliberation,4189
506b43d8-a340-4746-88dc-a70e7a6fc65e,1a4c8a54-3bad-4375-a46e-99a7995432bd,MESSAGE,Panda,f is not a vowel,<CARD> is not a vowel,Non-probing-deliberation,Reasoning,0,0.5,-0.1,F,"{""Panda"": [""F""], ""Raven"": [""E""], ""Koala"": [""6""], ""Puffin"": [""E""], ""Zebra"": [""E"", ""F""]}",Non-probing-deliberation,5191
df6fdf54-e79b-481c-bbcd-2be5b02b7762,79de112f-2975-4569-bd0a-9ac8094ee5ff,MESSAGE,Bee,I think E is definitely it,I think <CARD> is definitely it,Non-probing-deliberation,Solution,complete_solution,0.7,0.0,E,"{""Bee"": [""E""], ""Koala"": [""E"", ""4"", ""3"", ""D""], ""Hamster"": [""3""], ""Falcon"": [""3""], ""Duck"": [""3""]}",Non-probing-deliberation,14992
0686b2d0-dddc-4052-92b2-2c274f3e4def,1bd4434e-29d5-4e26-bb90-f0f5651612c1,MESSAGE,Guinea pig,yes it does emu,yes it does <MENTION>,Non-probing-deliberation,Agree,specific_addressee,0.7,0.0,,"{""Emu"": [""3""], ""Beaver"": [""U""], ""Guinea pig"": [""U""], ""Duck"": [""U"", ""6""], ""Llama"": [""3"", ""U"", ""6""]}",Non-probing-deliberation,470
df2287d2-c730-45ca-948f-f40a2f4c53ed,ea526c5c-969a-4ce6-93ee-7b73724d4f9e,MESSAGE,Narwhal,'I''m choosing U and 6','I''m choosing <CARD> and <CARD>',Non-probing-deliberation,Solution,complete_solution,0.375,0.0,"U,6","{""Narwhal"": [""U"", ""6""], ""Bee"": [""6""], ""Duck"": [""U"", ""6""], ""Butterfly"": [""B"", ""U"", ""6""]}",Non-probing-deliberation,14929
729d4e04-95cd-430c-b7ad-1bf836596c12,de174a68-c3a2-4c2c-8292-782fcf321d33,MESSAGE,Guinea pig,so I was worg,so I was worg,Non-probing-deliberation,Reasoning,0,0.45,0.0,,"{""Lion"": [""E"", ""8"", ""W""], ""Ox"": [""E"", ""8""], ""Lobster"": [""E"", ""8""], ""Guinea pig"": [""E"", ""8""], ""Llama"": [""E"", ""8""]}",Non-probing-deliberation,7727
f3eb9c1f-d4ab-4e43-8099-e5427842c99b,525795eb-3a5b-45d2-904e-7185126ae256,MESSAGE,Panda,I think you have to turn all the cards.,I think you have to turn all the cards .,Non-probing-deliberation,Solution,complete_solution,0.438,0.0,"5,A,R,6","{""Llama"": [""5"", ""A"", ""6""], ""Koala"": [""R""], ""Cat"": [""5"", ""R"", ""6""], ""Panda"": [""5"", ""A"", ""R"", ""6""]}",Non-probing-deliberation,16519
31f405f6-4b78-4507-bb20-2e51a45f64ea,53383a12-38ab-48d2-9126-27405a0c22c6,MESSAGE,Bat,you too!,you too !,0,0,0,0.333,0.0,,"{""Chipmunk"": [""6""], ""Kiwi"": [""E"", ""7"", ""P"", ""6""], ""Bat"": [""P""]}",0,3270
cbe11b28-ca2b-404a-bb60-3b459722c5d0,9258da95-7011-4579-8e82-127cac223361,MESSAGE,Lobster,Feels like it,Feels like it,,0,0,0.55,0.0,,"{""Bat"": [""E"", ""7"", ""6"", ""Z""], ""Zebra"": [""E""], ""Chipmunk"": [""E"", ""7"", ""6"", ""Z""], ""Lobster"": [""E"", ""7"", ""6"", ""Z""], ""Cat"": [""E"", ""6""]}",None,13234
d0035959-e9ea-4a45-b1e9-84d6431338ee,873d99bc-e20e-4512-a6e4-1f00166238b6,MESSAGE,Hedgehog,okay,okay,,0,0,0.9,0.0,,"{""Lion"": [""3"", ""E""], ""Leopard"": [""3"", ""E""], ""Lobster"": [""3"", ""E""], ""Bat"": [""3"", ""E""], ""Hedgehog"": [""3"", ""P""]}",None,13685
4eb21dfa-9a17-491e-9199-6dc31e1445ee,50331d78-65a7-4326-8867-c82fe7fd6d77,MESSAGE,Unicorn,Yeah I think so,Yeah I think so,Non-probing-deliberation,Agree,0,0.562,0.0,,"{""Llama"": [""E"", ""6""], ""Unicorn"": [""7""], ""Narwhal"": [""6""], ""Puffin"": [""E""]}",Non-probing-deliberation,5139
4b327f49-2e71-4a50-9059-38ff59775402,9fee2e7d-5776-46a4-8c9c-1ab0c3782137,MESSAGE,Duck,what is turning over the 8 proving?,what is turning over the <CARD> proving ?,Probing,Reasoning,0,0.5,0.0,8,"{""Duck"": [""8""], ""Panda"": [""U"", ""8""], ""Beaver"": [""U"", ""8""], ""Puffin"": [""5""]}",Probing,4932
c5cd2edd-e4ac-4bf7-af03-720a6ca10ef8,d774c777-2e5d-424d-829e-060c6de13cc0,MESSAGE,Butterfly,'but wouldn''t the reverse also be true?','but wouldn''t the reverse also be true ?',Probing,Reasoning,0,0.625,0.0,,"{""Dolphin"": [""E"", ""9""], ""Butterfly"": [""2""], ""Lobster"": [""E"", ""9""], ""Ox"": [""2""]}",Probing,12936
29d33e95-ad65-4c68-99c3-4ef0134d6730,a8b14405-6e45-4398-a76e-8c96e1a7def8,MESSAGE,Falcon,Ah ok,Ah ok,,0,0,0.562,0.0,,"{""Alpaca"": [""8"", ""A""], ""Giraffe"": [""8"", ""A""], ""Falcon"": [""8"", ""A""], ""Narwhal"": [""5""]}",None,2878
9f3b3a54-fff9-42ed-8f46-3015eeafb89b,79eafaae-adbd-47c0-93df-342a53ea5a85,MESSAGE,Beaver,yes E and 6,yes <CARD> and <CARD>,Non-probing-deliberation,Solution,solution_summary,0.625,0.0,"E,6","{""Ox"": [""E"", ""X""], ""Beaver"": [""E"", ""6""], ""Dolphin"": [""E"", ""9""], ""Leopard"": [""E"", ""6""]}",Non-probing-deliberation,10508
3ceabe59-715c-4485-acb4-a928d6aed50a,2209e3e7-d233-42a8-b87e-6c99d9479f87,MESSAGE,Duck,are we unanimous?,are we unanimous ?,Probing,Moderation,0,0.562,0.0,,"{""Duck"": [""E"", ""8"", ""3""], ""Lion"": [""E"", ""8"", ""K"", ""3""], ""Alpaca"": [""E"", ""8"", ""K"", ""3""], ""Lobster"": [""E"", ""8"", ""K"", ""3""]}",Probing,3937
9f3b3a54-fff9-42ed-8f46-3015eeafb89b,94aacb7e-04c9-4e5b-901f-d08575788047,MESSAGE,Beaver,did we all select VOWEL cards as the one to turn over?,did we all select VOWEL cards as the one to turn over ?,Probing,Solution,0,0.75,-0.062,"E,X,9,6","{""Ox"": [""E"", ""X""], ""Beaver"": [""E"", ""X"", ""9"", ""6""], ""Dolphin"": [""E"", ""9""], ""Leopard"": [""E"", ""9""]}",Probing,10487
7255f566-b267-448e-8bd3-32be62a7e030,3974b6c4-f127-43d5-956e-358dbf092a62,MESSAGE,Bee,I thought it was best to check all the cards since some showed vowels and others consonants and numbers. What did everyone else do?,I thought it was best to check all the cards since some showed vowels and others consonants and numbers . What did everyone else do ?,Non-probing-deliberation,Reasoning,complete_solution,0.75,0.0,"3,U,2,V","{""Chipmunk"": [""3"", ""U""], ""Unicorn"": [""U"", ""2""], ""Bee"": [""3"", ""U"", ""2"", ""V""], ""Alpaca"": [""3"", ""U""], ""Duck"": [""U""]}",Non-probing-deliberation,7599
6dff961d-30ce-4f49-a911-fb19e9e334f7,1ce5a63d-1b9e-4359-86e0-f5438b7e2161,MESSAGE,Bee,You too!,You too !,,0,0,0.5,0.0,,"{""Guinea pig"": [""Q"", ""9"", ""A"", ""4""], ""Narwhal"": [""Q"", ""9"", ""A"", ""4""], ""Bee"": [""Q"", ""9"", ""A"", ""4""]}",None,7250
d0beb237-c63e-4f70-a270-d0b64ad75c7b,bf563fcc-720e-45db-a3af-14e03fae44d1,MESSAGE,Puffin,'But we don''t know if G has a number on the other side do we?','But we don''t know if <CARD> has <CARD> number on the other side do we ?',Probing,Solution,0,0.5,0.05,"G,A","{""Puffin"": [""G"", ""A""], ""Hedgehog"": [""A""], ""Bat"": [""6"", ""A""], ""Lion"": [""G"", ""A"", ""6""], ""Leopard"": [""G"", ""9"", ""A"", ""6""]}",Probing,13849
f3162d4e-167e-45b4-8a1d-e1a325e8c372,221b8b0e-f902-4e1a-b4d1-32df68082afe,MESSAGE,Hedgehog,"'I''m submitting with 5, U and 6. Thanks all good luck'","'I''m submitting with <CARD> , <CARD> and <CARD> . Thanks all good luck'",Non-probing-deliberation,Solution,complete_solution,0.375,-0.063,"U,L,5,6","{""Duck"": [""6""], ""Hedgehog"": [""U"", ""L"", ""5"", ""6""], ""Beaver"": [""6""], ""Leopard"": [""U"", ""6""]}",Non-probing-deliberation,16472
6dff961d-30ce-4f49-a911-fb19e9e334f7,35e3d0d1-ee69-45da-bd54-ccd20d93a146,MESSAGE,Bee,submit*,submit *,,0,0,0.667,0.0,,"{""Guinea pig"": [""9"", ""A""], ""Narwhal"": [""Q"", ""9"", ""A"", ""4""], ""Bee"": [""Q"", ""9"", ""A"", ""4""]}",None,7246
b2ae7f55-401a-484d-99a3-988dd7743c39,419c6f19-3bbf-479b-b079-9a9c47bc4252,MESSAGE,Chipmunk,I agree with Hedgehog,I agree with <MENTION>,Non-probing-deliberation,Agree,0,0.65,0.0,,"{""Koala"": [""E"", ""6""], ""Chipmunk"": [""5"", ""6""], ""Hedgehog"": [""E"", ""5"", ""6""], ""Cat"": [""E"", ""5"", ""M"", ""6""], ""Duck"": [""E"", ""5""]}",Non-probing-deliberation,11880
6e2e1b6c-7611-4d93-b45d-4cb30e5e7f68,3f7f7577-6171-40e3-b656-dc6c8311849d,MESSAGE,Emu,But it says all carde with even # have a vowel,But it says all carde with even # have a vowel,Non-probing-deliberation,Reasoning,0,0.562,0.0,"E,X,5,4","{""Falcon"": [""E""], ""Narwhal"": [""4""], ""Hamster"": [""E""], ""Emu"": [""E"", ""X"", ""5"", ""4""]}",Non-probing-deliberation,7342
975b08c3-6103-445a-92dc-eff7beff9619,a6257bd7-b1eb-476d-99ca-803bbbbe4e58,MESSAGE,Cat,"I think it is I"" and ""5""","<CARD> think it is <CARD> "" and "" <CARD> """,Non-probing-deliberation,Solution,complete_solution,0.75,0.083,"5,I","{""Alpaca"": [""R"", ""I""], ""Cat"": [""5"", ""I""], ""Duck"": [""I""]}",Non-probing-deliberation,9941
70246d7e-dcc7-47d3-a792-674f786bec73,abc890d8-e3f4-45f7-bde6-68dca682effc,MESSAGE,Emu,That one is the one I think it should be,That one is the one I think it should be,,0,0,0.667,0.0,,"{""Bee"": [""7""], ""Chipmunk"": [""U"", ""8"", ""7"", ""M""], ""Emu"": [""U""]}",None,7513
074de597-b9e9-4186-ae35-261cc8ef46f7,96816c32-f307-423f-8828-1e885f793a09,MESSAGE,Tiger,I am wondering if turning over the letter cards will show the answer,I am wondering if turning over the letter cards will show the answer,Non-probing-deliberation,Solution,complete_solution,0.6,0.0,,"{""Tiger"": [""L"", ""A""], ""Bat"": [""5"", ""A""], ""Puffin"": [""8"", ""A""], ""Narwhal"": [""5"", ""8"", ""L"", ""A""], ""Llama"": [""8"", ""A""]}",Non-probing-deliberation,641
89ec40a6-0f5a-4804-872e-0730ede3f980,3568c9ff-fa4c-4b4c-9606-e8919c846639,MESSAGE,Llama,it also says we have to talk for 5 mins,it also says we have to talk for 5 mins,,0,0,0.417,0.0,,"{""Kiwi"": [""6"", ""H""], ""Llama"": [""E"", ""3"", ""6"", ""H""], ""Emu"": [""E""]}",None,8974
e1d7df69-4bed-4787-8c29-779c49c91851,f7d710e6-de9d-4851-8d08-c912b50a45de,MESSAGE,Lion,"U 5 & 6 seems like a good idea beaver, i agree","<CARD> <CARD> & <CARD> seems like a good idea <MENTION> , i agree",Non-probing-deliberation,Solution,"complete_solution,specific_addressee",0.65,-0.05,"5,U,6","{""Beaver"": [""5"", ""U"", ""6""], ""Bat"": [""6""], ""Emu"": [""5"", ""U""], ""Lion"": [""5"", ""U"", ""6""], ""Lobster"": [""U"", ""6""]}",Non-probing-deliberation,15240
9e7e0d10-3fc6-45ff-b8a4-d4d71fa84a5e,9cd8c69e-d586-4b41-8dd5-7f5bd6b828a3,MESSAGE,Leopard,No I think we need to test the even number the 6,No I think we need to test the even number the <CARD>,Non-probing-deliberation,Disagree,consider_opposite,0.562,-0.063,6,"{""Narwhal"": [""A"", ""F"", ""6""], ""Leopard"": [""6""], ""Dolphin"": [""A""], ""Beaver"": [""7"", ""A""]}",Non-probing-deliberation,10408
cf089e69-5f6d-4960-b6cc-7d4419e99f7f,2d552047-85b9-4a5e-bb87-a6d2e81fb2f3,MESSAGE,Kiwi,Or see if U had a vowel,Or see if <CARD> had a vowel,Non-probing-deliberation,Reasoning,0,0.562,0.124,U,"{""Lobster"": [""U"", ""8""], ""Unicorn"": [""U"", ""8""], ""Koala"": [""G"", ""U""], ""Kiwi"": [""U""]}",Non-probing-deliberation,13415
9f6b9bbe-6f62-4359-951a-ea55e518d092,07b9c261-663d-443e-bf58-4105303a83c4,MESSAGE,Unicorn,The rule is that all cards with vowels must have even numbers.,The rule is that all cards with vowels must have even numbers .,Non-probing-deliberation,Solution,0,0.583,0.0,"G,9,A,6","{""Unicorn"": [""G"", ""9"", ""A"", ""6""], ""Lobster"": [""G"", ""A""], ""Llama"": [""A""]}",Non-probing-deliberation,10559
903fc105-1214-4a2f-9945-3b05bd5ddf09,f24634eb-69f3-4fa4-bf2f-9a50ac4f5885,MESSAGE,Falcon,"Yes, U and 4 need to be turned.","Yes , <CARD> and <CARD> need to be turned .",Non-probing-deliberation,Solution,complete_solution,0.55,0.0,"U,4","{""Falcon"": [""U"", ""4""], ""Tiger"": [""U""], ""Giraffe"": [""U"", ""L""], ""Beaver"": [""U"", ""4""], ""Koala"": [""U"", ""4""]}",Non-probing-deliberation,9386
f052602b-0dbe-45f8-8407-f0887616ad41,d4561064-c2b6-43ab-bd5d-49c78560242e,MESSAGE,Llama,Funny we all chose the same cards,Funny we all chose the same cards,0,0,0,0.833,-0.167,"5,U,K,4","{""Chipmunk"": [""5"", ""U""], ""Alpaca"": [""5"", ""U""], ""Llama"": [""5"", ""U"", ""K"", ""4""]}",0,16299
a3274a5a-837e-4f04-8821-ad5db9d29031,9d309cc7-3011-4888-b88c-1fa260eb3eaa,MESSAGE,Bee,somewhat compatible i guess,somewhat compatible i guess,,0,0,0.5,0.0,,"{""Bee"": [""U""], ""Giraffe"": [""4""]}",None,10827
4324dd3f-6ddf-4919-ad12-90d9dbe089be,61161a8a-74bf-4dc7-b2cc-461513039a71,MESSAGE,Ox,Do we all agree?,Do we all agree ?,Probing,Moderation,0,0.6,-0.05,"5,2,A,K","{""Giraffe"": [""A""], ""Kiwi"": [""5"", ""A""], ""Hamster"": [""2""], ""Bat"": [""2"", ""A""], ""Ox"": [""5"", ""2"", ""A"", ""K""]}",Probing,4430
ec8896c6-56fb-4187-a932-92ac6bbd6f49,c009d074-d3e4-4e9c-aa86-64d6df440d98,MESSAGE,Leopard,'And it''s not 4 because 4 could have a consonant and the rule given would be true','And it''s not <CARD> because <CARD> could have a consonant and the rule given would be true',Non-probing-deliberation,Reasoning,0,0.55,0.0,4,"{""Lion"": [""U"", ""4""], ""Puffin"": [""4""], ""Bee"": [""W"", ""U"", ""9""], ""Koala"": [""U"", ""9""], ""Leopard"": [""4""]}",Non-probing-deliberation,16121
ba6d5c79-d6ab-40e4-a819-4325060770cf,ac97cf33-98a2-4781-bfa6-55fea421285a,MESSAGE,Chipmunk,2 minutes,<CARD> minutes,,0,0,0.417,-0.083,2,"{""Chipmunk"": [""2""], ""Cat"": [""2"", ""9"", ""P"", ""U""], ""Falcon"": [""2"", ""U""]}",None,12250
e2c29822-1f0a-43dd-bed8-6ee52416ea18,112a198f-82b5-4c46-809d-4e6f2fcd4180,MESSAGE,Duck,Wait for the rule we only care about the even card and vowels so why care about the 5 or G at all?,Wait for the rule we only care about the even card and vowels so why care about the <CARD> or <CARD> at all ?,Probing,Reasoning,0,0.5,-0.05,"E,2,G,5","{""Panda"": [""E""], ""Duck"": [""E"", ""2"", ""G"", ""5""], ""Cat"": [""5"", ""E""], ""Tiger"": [""G""], ""Llama"": [""G"", ""2""]}",Probing,15365
a786740d-d1b1-4179-bf47-77e25c16062f,b3390588-43a3-4bc4-8dd3-879ae0ce3ea2,MESSAGE,Zebra,Except that they’re numbers on the vowel cards,Except that they ’ re numbers on the vowel cards,Non-probing-deliberation,Reasoning,0,0.5,0.0,,"{""Lion"": [""U""], ""Zebra"": [""4""], ""Tiger"": [""9"", ""Z"", ""U"", ""4""], ""Lobster"": [""9"", ""4""]}",Non-probing-deliberation,10920
3075a4c5-c3b1-4772-bfe8-5518e0a7286f,979910c8-4b50-41e4-8c67-ed2502aa6650,MESSAGE,Llama,do we have the same cards though?,do we have the same cards though ?,Non-probing-deliberation,Solution,0,0.5,0.0,,"{""Leopard"": [""A"", ""6""], ""Dolphin"": [""B"", ""A"", ""6"", ""3""], ""Llama"": [""B"", ""A"", ""6"", ""3""]}",Non-probing-deliberation,3182
edcb5fa9-5f0a-4204-8b8f-990d9a06b53e,441c3788-328b-4e16-bd51-7d6ac0815c06,MESSAGE,Alpaca,less than 2 minutes left,less than 2 minutes left,0,0,0,0.417,0.0,,"{""Alpaca"": [""U"", ""4""], ""Leopard"": [""U"", ""7"", ""C"", ""4""], ""Giraffe"": [""C""]}",0,16185
5855393f-b1dc-4e86-aa94-b9f0dae25bcb,322aa4d9-7f7b-4654-bfd0-e257fd582443,MESSAGE,Emu,we will get 5 8 S A,we will get <CARD> <CARD> <CARD> <CARD>,Non-probing-deliberation,Reasoning,complete_solution,0.417,0.0,"5,S,8,A","{""Raven"": [""8"", ""A""], ""Lobster"": [""S""], ""Emu"": [""5"", ""S"", ""8"", ""A""]}",Non-probing-deliberation,5883
9f15813b-21c7-4bb6-9a53-9ef9b73eb7a1,dc43c6ff-0310-402a-b6c9-d52c99114fe1,MESSAGE,Leopard,Problem seems pretty obvious,Problem seems pretty obvious,,0,0,0.562,0.0,,"{""Unicorn"": [""E"", ""4""], ""Hedgehog"": [""E""], ""Leopard"": [""B"", ""7""], ""Bee"": [""E"", ""7"", ""B"", ""4""]}",None,10438
e00f8217-8157-4d3f-b977-fa3f6c23ce63,526402e5-884d-4c35-8cba-f996586675e3,MESSAGE,Leopard,I think 3 & M,I think <CARD> & <CARD>,Non-probing-deliberation,Solution,complete_solution,0.45,0.0,"3,M","{""Kiwi"": [""4""], ""Leopard"": [""3"", ""M""], ""Zebra"": [""E"", ""4""], ""Cat"": [""4""], ""Chipmunk"": [""E""]}",Non-probing-deliberation,15035
9f6b9bbe-6f62-4359-951a-ea55e518d092,b59aa9f7-a35a-48f9-879e-7142216761b3,MESSAGE,Llama,Not necessarily,Not necessarily,Non-probing-deliberation,Disagree,0,0.5,0.0,,"{""Unicorn"": [""A""], ""Lobster"": [""6""], ""Llama"": [""A"", ""6""]}",Non-probing-deliberation,10576
95b70ac5-2115-4454-a64c-b27e7ab14821,380a2622-9b61-40cb-b6d9-33a221e3fb29,MESSAGE,Hedgehog,Which card are we submitting?,Which card are we submitting ?,Probing,Solution,0,0.458,0.0,,"{""Raven"": [""T"", ""6""], ""Narwhal"": [""E"", ""6""], ""Hamster"": [""3""], ""Llama"": [""T""], ""Hedgehog"": [""E""], ""Unicorn"": [""E"", ""6""]}",Probing,9817
08f1f827-f181-403b-9e1d-0843a43e8a65,3d38a174-fd72-4ca6-96d4-df91ac80f728,MESSAGE,Bee,Ok 2A it is.,Ok 2A it is .,Non-probing-deliberation,Solution,complete_solution,0.5,0.0,,"{""Beaver"": [""2"", ""A""], ""Bee"": [""2"", ""A""], ""Guinea pig"": [""2"", ""A""]}",Non-probing-deliberation,801
3075a4c5-c3b1-4772-bfe8-5518e0a7286f,ba7e7e17-1c36-49f5-8894-8dd3e2f3d96f,MESSAGE,Dolphin,6 and A I agree,<CARD> and <CARD> I agree,Non-probing-deliberation,Agree,complete_solution,0.583,0.0,"A,6","{""Leopard"": [""A"", ""6""], ""Dolphin"": [""A"", ""6""], ""Llama"": [""A""]}",Non-probing-deliberation,3217
cd798264-f8cc-4673-af27-e9f298dc67c0,91a8f4d3-c2e6-4421-ad11-3f294ea9b6c2,MESSAGE,Falcon,I think I will stand with me decsion,I think I will stand with me decsion,Non-probing-deliberation,Disagree,0,0.688,0.0,,"{""Emu"": [""3""], ""Falcon"": [""2""], ""Chipmunk"": [""A""], ""Leopard"": [""3"", ""A""]}",Non-probing-deliberation,13370
e6f1d4ad-58f5-4a83-84ae-1117b4b8f328,7cdd0630-6eea-4980-a9a5-d06a4264e866,MESSAGE,Beaver,'That''s true @Falcon','That''s true <MENTION>',Non-probing-deliberation,Agree,specific_addressee,0.438,0.0,,"{""Alpaca"": [""V""], ""Beaver"": [""I"", ""5"", ""V"", ""6""], ""Giraffe"": [""I"", ""6""], ""Falcon"": [""5"", ""V"", ""I"", ""6""]}",Non-probing-deliberation,15692
b7fbf5ae-4eb9-4959-b6d9-8483cc1df125,16169f08-d4ae-4512-88ba-36b1246e7502,MESSAGE,Llama,"'And the rule doesn''t state that all cards with even numbers have vowels on the back, so 2 probably isn''t necessary'","'And the rule doesn''t state that all cards with even numbers have vowels on the back , so <CARD> probably isn''t necessary'",Non-probing-deliberation,Reasoning,0,0.5,-0.062,"5,2,A,H","{""Ox"": [""2"", ""A""], ""Leopard"": [""2"", ""A""], ""Kiwi"": [""2"", ""A""], ""Llama"": [""5"", ""2"", ""A"", ""H""]}",Non-probing-deliberation,12129
9d20f806-f8ba-4cb4-bb00-484dbff57995,394c1db1-3def-4b8f-800a-d26566bbf59e,MESSAGE,Dolphin,are we good with the u and the 4?,are we good with the <CARD> and the <CARD> ?,Probing,Solution,solution_summary,0.5,0.0,"U,4","{""Zebra"": [""4""], ""Hamster"": [""U""], ""Narwhal"": [""U"", ""4""], ""Dolphin"": [""U"", ""4""], ""Unicorn"": [""U"", ""4""]}",Probing,10324
5561e76e-2fbc-45be-8220-805f5dc5eef7,7e9aa288-4740-4d80-b4f9-8d50cc11d0f3,MESSAGE,Panda,Did you flip W?,Did you flip <CARD> ?,Probing,Solution,0,0.5,-0.188,W,"{""Tiger"": [""U""], ""Butterfly"": [""W"", ""U""], ""Koala"": [""U"", ""8""], ""Panda"": [""W""]}",Probing,5654
94f5fad4-079f-4f01-8185-d1f74f489d5b,ff7c3207-0ba9-4541-8396-2e4fc8d02576,MESSAGE,Lobster,i don;t know if we met the 5 minute discussion rule yet,i don ; t know if we met the 5 minute discussion rule yet,,0,0,0.5,0.0,,"{""Lion"": [""E"", ""2""], ""Lobster"": [""E"", ""2""]}",None,9712
aa1d40ba-5ada-4972-85a7-31bb0c4e9309,aeb17623-a5fc-4520-9dbb-0ec9995e7d04,MESSAGE,Tiger,"'I don''t think it''s e and 8, but we can go with that'","'I don''t think it''s <CARD> and <CARD> , but we can go with that'",Non-probing-deliberation,Disagree,0,0.5,-0.167,"E,8","{""Hamster"": [""3"", ""8"", ""Z"", ""E""], ""Leopard"": [""E"", ""8""], ""Tiger"": [""E"", ""8""]}",Non-probing-deliberation,11141
9b2202b9-8bd8-42b6-b975-05a6730e9bac,28c6de21-9f34-4698-a042-760a90962e9c,MESSAGE,Giraffe,'I guess I''m going with all 4','I guess I''m going with all <CARD>',Non-probing-deliberation,Solution,complete_solution,0.625,0.0,"3,V,A,4","{""Giraffe"": [""3"", ""V"", ""A"", ""4""], ""Beaver"": [""3"", ""A""], ""Bat"": [""3"", ""V"", ""A"", ""4""], ""Llama"": [""3"", ""V"", ""A"", ""4""]}",Non-probing-deliberation,10260
f3162d4e-167e-45b4-8a1d-e1a325e8c372,70884a1b-a680-450c-a73d-453b8d11c1f7,MESSAGE,Beaver,"'But we don''t need to know what''s behind 6, because theres no reason a consonant can''t be behind it.'","'But we don''t need to know what''s behind <CARD> , because theres no reason a consonant can''t be behind it .'",Non-probing-deliberation,Reasoning,0,0.438,-0.124,6,"{""Duck"": [""6""], ""Hedgehog"": [""5"", ""U"", ""6""], ""Beaver"": [""6""], ""Leopard"": [""U"", ""6""]}",Non-probing-deliberation,16461
19cae306-3bcb-4a1e-9ab4-8c5ac9590bd1,06b5db9d-2c04-4e2a-95c0-ad3c88ea8740,MESSAGE,Falcon,any other thoughts any one else?,any other thoughts any one else ?,Probing,Moderation,0,0.625,0.0,,"{""Emu"": [""6""], ""Falcon"": [""9"", ""A""]}",Probing,1907
d0834b8f-6d42-4323-b5fa-77be10f32e27,09de0a94-0dc3-4296-8673-5bd83a10cbc2,MESSAGE,Tiger,"I picked ""U"" and ""2"".","I picked "" <CARD> "" and "" <CARD> "" .",Non-probing-deliberation,Solution,complete_solution,0.562,0.0,"U,2","{""Ox"": [""U""], ""Puffin"": [""3"", ""2""], ""Tiger"": [""U"", ""2""], ""Leopard"": [""U"", ""2""]}",Non-probing-deliberation,13793
3ceabe59-715c-4485-acb4-a928d6aed50a,ab6de715-b54e-458c-9a31-abbd6cfdc6dc,MESSAGE,Duck,i missed that @Alpaca,i missed that <MENTION>,Non-probing-deliberation,Agree,specific_addressee,0.5,0.0,,"{""Duck"": [""E"", ""8"", ""K"", ""3""], ""Lion"": [""E"", ""8"", ""K"", ""3""], ""Alpaca"": [""E"", ""8"", ""K"", ""3""], ""Lobster"": [""E"", ""8"", ""K"", ""3""]}",Non-probing-deliberation,3931
8e9390de-22ca-4f30-9264-bc1e5ae6be6f,d9c416ab-e452-43a8-b8b0-5d1122826355,MESSAGE,Narwhal,"'Yeah, I''m in for that'","'Yeah , I''m in for that'",Non-probing-deliberation,Agree,0,0.55,0.0,,"{""Butterfly"": [""8"", ""A""], ""Cat"": [""7""], ""Beaver"": [""8"", ""A""], ""Puffin"": [""8"", ""A""], ""Narwhal"": [""8"", ""7"", ""B"", ""A""]}",Non-probing-deliberation,9227
d1480150-7b01-409a-a116-3d20d90a7287,754e2c4d-19ee-4fcc-9cad-faa58047fccd,MESSAGE,Tiger,OK,OK,Non-probing-deliberation,Agree,0,0.667,0.0,,"{""Falcon"": [""U"", ""6""], ""Bee"": [""3"", ""U"", ""6""], ""Tiger"": [""3""]}",Non-probing-deliberation,13908
6125b822-c68c-49c0-9f76-30a334043761,35741afe-9133-477d-aadf-267c2615a29d,MESSAGE,Puffin,"'So if we select ""4"" and there isn''t a vowel on the other side, what have we learned?'","'So if we select "" <CARD> "" and there isn''t a vowel on the other side , what have we learned ?'",Probing,Reasoning,0,0.5,-0.167,4,"{""Puffin"": [""4""], ""Hedgehog"": [""U""], ""Butterfly"": [""U"", ""4""]}",Probing,6395
442d9e64-97f2-427a-a16c-0d433774c755,a838f4ba-5407-4aea-81f8-4aa85db3ef8c,MESSAGE,Alpaca,easy,easy,,0,0,0.75,0.0,,"{""Alpaca"": [""5""], ""Emu"": [""5"", ""A""], ""Lion"": [""B"", ""A"", ""5"", ""6""]}",None,4559
aef4972a-02f2-4deb-9af4-b242943ed964,f8e1e6b0-b561-4e03-92c4-15101901f6bd,MESSAGE,Duck,'I''m fine with 4 only','I''m fine with <CARD> only',Non-probing-deliberation,Solution,complete_solution,0.25,-0.062,4,"{""Hamster"": [""U"", ""4""], ""Chipmunk"": [""4""], ""Duck"": [""4""], ""Unicorn"": [""Z"", ""4""]}",Non-probing-deliberation,11555
19cae306-3bcb-4a1e-9ab4-8c5ac9590bd1,b2ca4073-b427-47c4-8848-31d35b086640,MESSAGE,Emu,good point,good point,Non-probing-deliberation,Agree,0,0.5,0.0,,"{""Emu"": [""6""], ""Falcon"": [""A""]}",Non-probing-deliberation,1899
29211401-b102-472a-974c-206c02583686,1d19f8f3-84c2-4e73-967f-efe46f025bee,MESSAGE,Llama,I think you are right,I think you are right,Non-probing-deliberation,Agree,0,0.625,0.0,,"{""Llama"": [""2"", ""7"", ""T"", ""U""], ""Alpaca"": [""U""], ""Kiwi"": [""2"", ""7"", ""T"", ""U""], ""Lion"": [""U""]}",Non-probing-deliberation,2820
65a49cb8-509d-478c-a2c6-3f27ebc89526,bb1da475-362f-4fb5-8a17-aef4281c076d,MESSAGE,Hamster,"Yeah, I said 9 and E but now I agree with you","Yeah , I said <CARD> and <CARD> but now I agree with you",Non-probing-deliberation,Agree,0,0.75,0.0,"E,9","{""Lion"": [""E""], ""Hedgehog"": [""E""], ""Bat"": [""E""], ""Hamster"": [""E"", ""9""], ""Chipmunk"": [""E"", ""4""]}",Non-probing-deliberation,6680
3e700660-e1a8-4381-8604-ec6f58bbbca0,64f9e743-f880-4c26-ba62-811f3b4db886,MESSAGE,Leopard,yes but if you flip it?,yes but if you flip it ?,Non-probing-deliberation,Reasoning,0,0.625,0.0,,"{""Lobster"": [""E""], ""Leopard"": [""E"", ""6""], ""Falcon"": [""E"", ""5"", ""P"", ""6""], ""Guinea pig"": [""E""]}",Non-probing-deliberation,4242
fb18014b-0af6-4ad4-a0d1-5d0458780d67,2b147b4c-9d52-4f4e-93a0-35fef76add06,MESSAGE,Zebra,And F F xD,And <CARD> <CARD> xD,Non-probing-deliberation,Solution,partial_solution,0.417,-0.25,F,"{""Bee"": [""5"", ""U"", ""8"", ""F""], ""Zebra"": [""F""], ""Lobster"": [""5"", ""U"", ""8"", ""F""]}",Non-probing-deliberation,17194
8b831534-658f-4288-ba5f-c50f6a4b6638,a79a8b8c-9f3a-4342-8e8a-4d600ed430ab,MESSAGE,Duck,I chose 3,I chose <CARD>,Non-probing-deliberation,Solution,complete_solution,0.625,0.0,3,"{""Narwhal"": [""E"", ""4""], ""Duck"": [""3""]}",Non-probing-deliberation,9069
94284d8d-b904-4a35-877c-4c13424f9447,fd9bad80-b3b3-46d1-8933-49eedc068a42,MESSAGE,Narwhal,'That''s what I''m wondering.','That''s what I''m wondering .',Non-probing-deliberation,Agree,0,0.5,0.0,,"{""Bee"": [""A"", ""4""], ""Narwhal"": [""7"", ""D""], ""Kiwi"": [""A"", ""D""], ""Puffin"": [""A"", ""4""]}",Non-probing-deliberation,9631
fe0899f9-bfc2-495f-aa66-163c15908da7,82417fca-269d-47c8-8bba-89627e1416db,MESSAGE,Butterfly,Hello,Hello,,0,0,0.55,0.0,,"{""Butterfly"": [""2"", ""A""], ""Falcon"": [""3"", ""2"", ""A""], ""Giraffe"": [""2"", ""A""], ""Hedgehog"": [""2"", ""A""], ""Lion"": [""2"", ""A""]}",None,17409
dc7df6dc-b5ec-45fc-a3d5-5a3346ebde02,0fa093bc-ff83-4d3e-9077-6d3685f573b4,MESSAGE,Llama,U,<CARD>,Non-probing-deliberation,Solution,complete_solution,0.625,0.0,U,"{""Llama"": [""U""], ""Hamster"": [], ""Kiwi"": [""9"", ""T""], ""Chipmunk"": [""U""]}",Non-probing-deliberation,14793
af52aca2-cc25-4653-82e7-0deba4aa1d43,0c8444b9-b9d8-4edd-b608-ffe0f4e192bf,MESSAGE,Giraffe,Why is that?,Why is that ?,Probing,Reasoning,0,0.625,0.0,,"{""Chipmunk"": [""5"", ""A""], ""Beaver"": [""V""], ""Giraffe"": [""8"", ""A""], ""Dolphin"": [""A""]}",Probing,11639
01e7d47c-8831-4492-abb0-88f94c7b02a3,fbda5bc9-783d-40f5-96b3-18d1534a167e,MESSAGE,Falcon,So maybe A 5 and 4?,So maybe <CARD> <CARD> and <CARD> ?,Non-probing-deliberation,Solution,complete_solution,0.55,0.0,"5,A,4","{""Kiwi"": [""L"", ""A""], ""Bat"": [""A"", ""4""], ""Hamster"": [""L"", ""A""], ""Falcon"": [""5"", ""A"", ""4""], ""Narwhal"": [""A"", ""4""]}",Non-probing-deliberation,160
cb609b58-30a8-4c55-be8a-9f5243c46987,b2eadfb4-0ed7-48a1-b24b-c4cc9d07d475,MESSAGE,Falcon,'I''m going with that.','I''m going with that .',Non-probing-deliberation,Agree,0,0.65,0.0,,"{""Chipmunk"": [""2"", ""A""], ""Cat"": [""A""], ""Falcon"": [""2"", ""7"", ""A""], ""Bat"": [""2"", ""7"", ""A""], ""Llama"": [""2"", ""A""]}",Non-probing-deliberation,13186
2788e8a9-eecf-4d92-af82-08d8b5ce1bf5,83bf06c5-ad59-4b3a-91c8-fe4075f78b2f,MESSAGE,Dolphin,Hello,Hello,,0,0,0.5,0.0,,"{""Alpaca"": [""4""], ""Lobster"": [""R""], ""Dolphin"": [""5""], ""Emu"": [""U"", ""4""], ""Panda"": [""U""]}",None,2705
e2fb18bc-2822-4611-900b-c779ccd635a5,c8db154d-e672-4532-99c1-9068e7168ec6,MESSAGE,Ox,thanks,thanks,,0,0,0.65,0.0,,"{""Panda"": [""A"", ""4""], ""Guinea pig"": [""7"", ""A""], ""Chipmunk"": [""A"", ""4""], ""Ox"": [""A""], ""Leopard"": [""A"", ""4""]}",None,15463
b7cf985f-3c55-4ea1-a2fe-8b76e4357e00,6542e3f7-44f9-43dd-a0fa-38087c8c9970,MESSAGE,Leopard,locking A and 5 as answer...,locking <CARD> and <CARD> as answer ...,Non-probing-deliberation,Solution,complete_solution,0.875,0.0,"5,A","{""Butterfly"": [""5""], ""Kiwi"": [""5"", ""A""], ""Tiger"": [""5""], ""Leopard"": [""5"", ""A""], ""Koala"": [""5""], ""Dolphin"": [""5"", ""A""]}",Non-probing-deliberation,12108
260bd13b-306d-4ec3-b32d-55b9e9646905,daad63b4-702b-4188-8e72-c11f781877ba,MESSAGE,Narwhal,"U and 5, I meant.","<CARD> and <CARD> , I meant .",Non-probing-deliberation,Solution,complete_solution,0.75,0.167,"5,U","{""Beaver"": [""U""], ""Duck"": [""U"", ""6""], ""Narwhal"": [""5"", ""U""]}",Non-probing-deliberation,2662
d87b4f85-b97a-466a-8c46-7f2958839af8,90f20580-9f57-425b-85d0-d7b8f433ff55,MESSAGE,Guinea pig,I picked U and 4 because it would fully test both if an even number has a vowel and if a vowel has an even number,I picked <CARD> and <CARD> because it would fully test both if an even number has a vowel and if a vowel has an even number,Non-probing-deliberation,Reasoning,complete_solution,0.583,0.0,"U,4","{""Hedgehog"": [""U""], ""Guinea pig"": [""U"", ""4""], ""Giraffe"": [""U"", ""4""]}",Non-probing-deliberation,14638
561875b7-b29e-414d-9f96-6eda079af35b,bc910efe-9f1e-4092-90db-fac8908f46a5,MESSAGE,Cat,Yes I guess that is probably right,Yes I guess that is probably right,Non-probing-deliberation,Agree,0,0.6,0.0,,"{""Guinea pig"": [""3"", ""2"", ""U""], ""Cat"": [""3""], ""Bee"": [""3"", ""F""], ""Raven"": [""2"", ""U""], ""Koala"": [""2"", ""U""]}",Non-probing-deliberation,5701
c2a8b922-255f-4a95-bfd8-6731681ff501,1abb2daa-c9a1-412f-80eb-864566590a4a,MESSAGE,Alpaca,Yes iam also going to submit the U and 6 as a final,Yes iam also going to submit the <CARD> and <CARD> as a final,Non-probing-deliberation,Agree,0,0.5,0.0,"U,6","{""Beaver"": [""U"", ""6""], ""Narwhal"": [""U"", ""6""], ""Alpaca"": [""U"", ""6""], ""Cat"": [""U"", ""6""], ""Dolphin"": [""U"", ""6""]}",Non-probing-deliberation,12733
2b20c864-a1ee-4b9b-9164-773078f47ae0,129dabdd-411c-463c-af57-a134ea720d10,MESSAGE,Bat,'You can''t know if they all meet the rules unless you look at them all.','You can''t know if they all meet the rules unless you look at them all .',Non-probing-deliberation,Reasoning,complete_solution,0.583,0.0,"P,U,4,5","{""Bat"": [""P"", ""U"", ""4"", ""5""], ""Falcon"": [""U"", ""4""], ""Guinea pig"": [""5""]}",Non-probing-deliberation,2926
ad905351-ade2-45fc-8d90-da753520d47a,2c10acba-bc60-4a50-b61b-d01959f22dbb,MESSAGE,Chipmunk,okay. im submitting cheers.,okay . im submitting cheers .,,0,0,0.6,0.0,,"{""Chipmunk"": [""A"", ""4""], ""Panda"": [""A"", ""4""], ""Alpaca"": [""9"", ""A""], ""Tiger"": [""A"", ""4""], ""Lobster"": [""S"", ""9""]}",None,11440
88750893-751a-4d91-9bd4-6be5e7d5e6b9,3cfe1833-815f-4171-b98d-49bed50f4cf4,MESSAGE,Chipmunk,you?,you ?,,0,0,0.25,0.0,,"{""Bee"": [""6""], ""Chipmunk"": [""6""]}",None,8800
15295929-9497-4e84-8827-ae258aa691fa,10d58580-c453-46e5-8bd8-c38d44a7f1c3,MESSAGE,Falcon,I agrre with Hamster,I agrre with <MENTION>,Non-probing-deliberation,Agree,0,0.6,0.0,,"{""Ox"": [""2"", ""A""], ""Chipmunk"": [""A""], ""Hamster"": [""2"", ""A""], ""Cat"": [""A""], ""Falcon"": [""S"", ""9""]}",Non-probing-deliberation,1447
6e1afbe5-2545-40c4-b4fb-29d1dc8c27c2,119639e8-1bea-4b01-bdb7-e2459064ae78,MESSAGE,Llama,so it would be e and 8,so it would be <CARD> and <CARD>,Non-probing-deliberation,Solution,solution_summary,0.583,0.0,"E,8","{""Dolphin"": [""9""], ""Duck"": [""E"", ""9"", ""8"", ""D""], ""Llama"": [""E"", ""8""]}",Non-probing-deliberation,7284
bd8ad5fc-7f24-468b-847e-4c7244d1287b,bb134a9e-4d00-4154-aceb-9e2edd7a5ec3,MESSAGE,Dolphin,"'U and 6 is what I thought at first, but the ''most people get this task wrong'' is throwing me off too.'","'<CARD> and <CARD> is what I thought at first , but the '' most people get this task wrong '' is throwing me off too .'",Non-probing-deliberation,Disagree,0,0.75,0.0,"U,6","{""Bat"": [""U"", ""7""], ""Lobster"": [""U"", ""7""], ""Giraffe"": [""U"", ""6""], ""Dolphin"": [""U"", ""6""]}",Non-probing-deliberation,12486
1af2b204-c003-4a56-bd19-d8bd242f94d2,71a3ef7b-3d80-490b-921a-7ebbd13f12b2,MESSAGE,Cat,im on board too,im on board too,Non-probing-deliberation,Agree,0,0.542,0.0,,"{""Duck"": [""E"", ""4""], ""Lion"": [""E"", ""4""], ""Tiger"": [""R"", ""E"", ""4"", ""5""], ""Falcon"": [""E"", ""5"", ""R"", ""4""], ""Cat"": [""E"", ""5"", ""R"", ""4""], ""Hedgehog"": [""E""]}",Non-probing-deliberation,1973
f9c3608a-b762-499c-a7b8-98546e3bc6e7,d776f150-ded7-4fb8-a852-c513646c4b12,MESSAGE,Alpaca,"So I think 2, A, and 7","So I think <CARD> , <CARD> , and <CARD>",Non-probing-deliberation,Solution,complete_solution,0.65,-0.05,"2,7,A","{""Bee"": [""2"", ""7"", ""A""], ""Koala"": [""2"", ""A""], ""Alpaca"": [""2"", ""7"", ""A""], ""Hamster"": [""2"", ""7"", ""A""], ""Bat"": [""2"", ""A""]}",Non-probing-deliberation,17001
af140878-c9f2-4742-b0d1-caa44b27c3c8,e2cc20b7-4f26-4581-8538-3fb231d28463,MESSAGE,Raven,"'The rule doesn''t say all even numbers have a vowel on the back, instead the other way round'","'The rule doesn''t say all even numbers have <CARD> vowel on the back , instead the other way round'",Non-probing-deliberation,Reasoning,0,0.625,0.0,"5,8,V,A","{""Alpaca"": [""V""], ""Dolphin"": [""A""], ""Cat"": [""5"", ""A""], ""Koala"": [""5""], ""Raven"": [""5"", ""8"", ""V"", ""A""], ""Guinea pig"": [""8"", ""A""]}",Non-probing-deliberation,11612
953336d9-8aa7-4e91-85c4-1ed9de8205ae,9e803be6-cdd0-4f67-a988-b7a97d4b7ad6,MESSAGE,Emu,"We should test 5, indeed.","We should test <CARD> , indeed .",Non-probing-deliberation,Agree,0,0.75,0.0,5,"{""Emu"": [""5""], ""Leopard"": [""A""], ""Bat"": [""5"", ""A""], ""Duck"": [""M"", ""A""], ""Kiwi"": [""A""]}",Non-probing-deliberation,9739
d2d71e3d-051e-43e2-b4d4-055f43975d16,9adde738-46f4-4e32-a1e3-f52470b98ca1,MESSAGE,Alpaca,No need to be so hectic,No need to be so hectic,,0,0,0.625,0.0,,"{""Alpaca"": [""E""], ""Tiger"": [""2"", ""R"", ""E"", ""7""]}",None,14049
01acf3e3-714c-4d53-9b74-9170a645bcd0,226c98ec-5194-4932-b08b-4719355a5c7b,MESSAGE,Kiwi,yeah deffinately,yeah deffinately,Non-probing-deliberation,Agree,0,0.625,0.0,,"{""Tiger"": [""6"", ""A""], ""Kiwi"": [""6"", ""A"", ""3""], ""Beaver"": [""3"", ""A"", ""Z"", ""6""], ""Lion"": [""A""]}",Non-probing-deliberation,133
19494ac6-8c27-4b65-9ae6-0da45e33601a,166b81f1-bd87-4eb8-8006-586d0713ff6e,MESSAGE,Giraffe,As many as it is required to test the rule,As many as it is required to test the rule,Non-probing-deliberation,Solution,0,0.583,0.0,,"{""Cat"": [""S"", ""A""], ""Koala"": [""A""], ""Giraffe"": [""8"", ""A""]}",Non-probing-deliberation,1865
8576e30b-8902-4988-a064-edc4e3d83d21,ca84d904-0036-4fe2-969e-e2bf4965b312,MESSAGE,Llama,hello,hello,,0,0,0.4,0.0,,"{""Llama"": [""A"", ""4""], ""Cat"": [""T""], ""Lion"": [""A"", ""4""], ""Giraffe"": [""A"", ""4""], ""Bee"": [""T""]}",None,8650
82164acd-9ee8-4b0a-bf05-bef142a5e7af,71495519-facd-49cf-98ab-b79187c4462f,MESSAGE,Duck,I said E and 8 vowels and evens,I said <CARD> and <CARD> vowels and evens,Non-probing-deliberation,Solution,complete_solution,0.562,0.0,"E,8","{""Duck"": [""E"", ""8""], ""Chipmunk"": [""E""], ""Tiger"": [""E"", ""7"", ""P"", ""8""], ""Leopard"": [""E"", ""8""]}",Non-probing-deliberation,8579
b0033e15-6b36-4145-94cf-fa35e97216e6,5e661a94-6ccb-42c5-869d-fbdeb61270da,MESSAGE,Hedgehog,"It just tells us it *can* have an even number, we needed the odd number to negate that.","It just tells us it * can * have an even number , we needed the odd number to negate that .",Non-probing-deliberation,Reasoning,0,0.833,0.0,,"{""Zebra"": [""7"", ""A""], ""Hedgehog"": [""A""], ""Kiwi"": [""7""]}",Non-probing-deliberation,11728
17f99c99-8d93-4102-9767-9b0a5d26f2d8,798d19e1-8abf-4ada-894f-76115f8e8205,MESSAGE,Koala,Greetings everyone! I am fairly confident the answer is  7 and E but no others,Greetings everyone ! I am fairly confident the answer is <CARD> and <CARD> but no others,Non-probing-deliberation,Solution,complete_solution,0.812,0.0,"E,7","{""Koala"": [""E"", ""7""], ""Leopard"": [""E""], ""Cat"": [""E""], ""Falcon"": [""E""]}",Non-probing-deliberation,1654
12924100-f2c3-487e-83c0-bc3dedd16f2e,0a3b2de3-16b6-457c-bb5b-d04fc1cf0401,MESSAGE,Guinea pig,I have A and 4,I have <CARD> and <CARD>,Non-probing-deliberation,Solution,complete_solution,0.75,0.0,"A,4","{""Puffin"": [""7"", ""A""], ""Lobster"": [""7"", ""T"", ""A"", ""4""], ""Ox"": [""A""], ""Guinea pig"": [""A"", ""4""], ""Chipmunk"": [""7"", ""A""]}",Non-probing-deliberation,1199
1d490c0b-6192-48f0-8f7a-7ac3c4428ac6,88af8efc-cbb4-43ec-aaf3-3ec3b1aba057,MESSAGE,Llama,"Panda or Dolphin, any suggestions?","Panda or Dolphin , any suggestions ?",Probing,Moderation,specific_addressee,0.5,0.0,,"{""Panda"": [""A"", ""6""], ""Butterfly"": [""A"", ""6""], ""Narwhal"": [""A"", ""6""], ""Dolphin"": [""A"", ""6""], ""Llama"": [""A"", ""6""]}",Probing,2130
7277c094-bc92-4ae5-ab91-6ab1780f29f5,08421ea4-5686-4294-a6ed-fa4c0a0da661,MESSAGE,Puffin,card 9 and 2 for me,card <CARD> and <CARD> for me,Non-probing-deliberation,Solution,complete_solution,0.65,0.0,"2,9","{""Butterfly"": [""U""], ""Emu"": [""U"", ""2""], ""Leopard"": [""U"", ""9""], ""Puffin"": [""2"", ""9""], ""Hamster"": [""U"", ""2""]}",Non-probing-deliberation,7700
3c472d38-fa85-4f1e-a948-8c16cca648d9,06c52ab4-c996-4281-8cc3-3cfbebf31039,MESSAGE,Hamster,true but we dont need it because it might adhere to another rule that we dont know about,true but we dont need it because it might adhere to another rule that we dont know about,Non-probing-deliberation,Reasoning,0,0.625,0.0,,"{""Cat"": [""2"", ""A""], ""Hamster"": [""A""]}",Non-probing-deliberation,3834
28a79969-cd41-4347-8c7b-a96231768a2a,f06506db-7228-451a-ace1-7a5190dab027,MESSAGE,Alpaca,"'Well I''m glad everyone seems to agree, but does anyone what to try to argue for something else? We''re supposed to do this for at least 5 minutes to satisfy the HIT.'","'Well I''m glad everyone seems to agree , but does anyone what to try to argue for something else ? We''re supposed to do this for at least 5 minutes to satisfy the HIT .'",Probing,Moderation,0,1.0,0.0,,"{""Alpaca"": [""E"", ""9""], ""Hedgehog"": [""E"", ""9""], ""Leopard"": [""E"", ""9""], ""Dolphin"": [""E"", ""9""]}",Probing,2759
e51ef2d9-ff74-4587-b1cf-7c2a3b8dbf3b,81f49ef7-aea8-4844-9f50-dddc189f1ae2,MESSAGE,Emu,I did the same Butterfly,I did the same <MENTION>,Non-probing-deliberation,Agree,specific_addressee,0.6,0.0,,"{""Butterfly"": [""U"", ""9"", ""4""], ""Leopard"": [""U"", ""4""], ""Emu"": [""U"", ""4""], ""Cat"": [""U"", ""4""], ""Kiwi"": [""U""]}",Non-probing-deliberation,15540
84fe8fef-afbe-42d3-8d77-46f7d1d5d4b5,526f204c-2253-4b2c-a091-145c90496718,MESSAGE,Alpaca,to fit the rule*,to fit the rule *,0,0,0,0.625,0.0,,"{""Alpaca"": [""A""], ""Bat"": [""W"", ""A""]}",0,8634
ac1c57a4-f6ca-4d0c-b530-25a13647b94d,860fbac1-27d8-4d3a-a07f-c8bc15cf576e,MESSAGE,Bee,"final decision, it seems like we all agree","final decision , it seems like we all agree",Probing,Moderation,0,0.5,0.0,"R,3,A,4","{""Bee"": [""R"", ""3"", ""A"", ""4""], ""Puffin"": [""3"", ""R""], ""Zebra"": [""A"", ""4""], ""Beaver"": [""A"", ""4""]}",Probing,11244
12924100-f2c3-487e-83c0-bc3dedd16f2e,6b88f611-86a0-4566-bd6f-86d93a552fb6,MESSAGE,Ox,yep youre right,yep youre right,Non-probing-deliberation,Agree,0,0.75,0.0,,"{""Puffin"": [""7"", ""A""], ""Lobster"": [""7""], ""Ox"": [""7"", ""A""], ""Guinea pig"": [""A"", ""4""], ""Chipmunk"": [""A"", ""4""]}",Non-probing-deliberation,1222
6d94ff5c-209f-4899-989d-c17bb5512ca7,31d3ae3f-02ce-4f79-8f07-dd9802d6eda0,MESSAGE,Kiwi,What does everyone think?,What does everyone think ?,Probing,Moderation,0,0.625,0.0,,"{""Puffin"": [""A""], ""Koala"": [""A""], ""Emu"": [""Q"", ""A""], ""Kiwi"": [""8"", ""A""]}",Probing,7187
cd018ddc-a680-403a-a0fe-2ee9195440de,5a3e0b57-8db8-41da-8e81-99125b259b4d,MESSAGE,Cat,'i''m picking 6 and E for my answers','i''m picking <CARD> and <CARD> for my answers',Non-probing-deliberation,Solution,complete_solution,0.417,0.0,"E,6","{""Cat"": [""E"", ""6""], ""Bat"": [""6""], ""Bee"": [""E"", ""6""]}",Non-probing-deliberation,13341
074de597-b9e9-4186-ae35-261cc8ef46f7,1c020962-fe17-42cf-808d-3369b7db7616,MESSAGE,Tiger,"'But, wouldn''t we get the same result if we turned over the L and 8?'","'But , wouldn''t we get the same result if we turned over the <CARD> and <CARD> ?'",Probing,Reasoning,consider_opposite,0.5,-0.2,"8,L","{""Tiger"": [""8"", ""L""], ""Bat"": [""5"", ""8"", ""L"", ""A""], ""Puffin"": [""8"", ""A""], ""Narwhal"": [""5"", ""8"", ""L"", ""A""], ""Llama"": [""5"", ""A""]}",Probing,655
f7aeae01-77f6-4fd9-bce8-14c1baaef954,33b2eea1-9541-407f-8aa6-16e1ff8c4c4a,MESSAGE,Duck,'i''ll go with this','i''ll go with this',Non-probing-deliberation,Agree,0,0.5,0.0,,"{""Duck"": [""E"", ""6""], ""Emu"": [""E"", ""S"", ""7"", ""6""], ""Koala"": [""E"", ""S"", ""7"", ""6""], ""Hedgehog"": [""E"", ""S""]}",Non-probing-deliberation,16817
e6f1d4ad-58f5-4a83-84ae-1117b4b8f328,8e5e3302-b792-4040-bf4f-555d48566463,MESSAGE,Alpaca,"is the 5 is turned over, there could be a vowel","is the <CARD> is turned over , there could be a vowel",Non-probing-deliberation,Reasoning,0,0.688,0.0,5,"{""Alpaca"": [""5""], ""Beaver"": [""I"", ""5"", ""V"", ""6""], ""Giraffe"": [""I""], ""Falcon"": [""I""]}",Non-probing-deliberation,15685
c4f9a856-178b-4776-8b6f-9441f61a6448,89e88896-b67e-436e-a985-3f2d084d647a,MESSAGE,Kiwi,e and 1,<CARD> and <CARD>,Non-probing-deliberation,Solution,complete_solution,0.833,0.25,"E,1","{""Kiwi"": [""E"", ""1""], ""Tiger"": [""E"", ""1"", ""6""], ""Leopard"": [""E"", ""1"", ""6""]}",Non-probing-deliberation,12842
5795ece8-04f1-4f8c-ba24-a20d39ad422f,1345ab98-95a3-4449-b433-63544b318d0a,MESSAGE,Raven,"'Ok. Unless someone else thinks otherwise, I think I''m ready to submit U4'","'Ok . Unless someone else thinks otherwise , I think I''m ready to submit U4'",Non-probing-deliberation,Solution,complete_solution,0.5,0.0,,"{""Dolphin"": [""U"", ""9"", ""P"", ""4""], ""Raven"": [""9"", ""P""], ""Tiger"": [""U"", ""4""], ""Zebra"": [""U"", ""9"", ""P"", ""4""]}",Non-probing-deliberation,5794
7255f566-b267-448e-8bd3-32be62a7e030,2b659c54-377b-48b2-85ba-f616300442d9,MESSAGE,Chipmunk,"in theory there could be a consenent behind 2, but to check the statement, 3 needs to flip to confirm","in theory there could be a consenent behind <CARD> , but to check the statement , <CARD> needs to flip to confirm",Non-probing-deliberation,Reasoning,partial_solution,0.55,-0.1,"3,2","{""Chipmunk"": [""3"", ""2""], ""Unicorn"": [""3""], ""Bee"": [""3"", ""2""], ""Alpaca"": [""2""], ""Duck"": [""U""]}",Non-probing-deliberation,7608
fb18014b-0af6-4ad4-a0d1-5d0458780d67,5c0ce4e2-d0fd-4501-a988-bef0d4af7159,MESSAGE,Lobster,"yea, I think the part Most people get this task wrong is just there to try and complicate this :D","yea , I think the part Most people get this task wrong is just there to try and complicate this :D",,0,0,0.667,0.0,,"{""Bee"": [""U"", ""8""], ""Zebra"": [""5"", ""U""], ""Lobster"": [""U"", ""8""]}",None,17225
aa612cd0-1684-46da-b77a-932945fe25f0,64580bf1-f5ca-4dbe-830a-7f86303b3a6f,MESSAGE,Ox,same,same,Non-probing-deliberation,Agree,0,0.5,0.0,,"{""Emu"": [""3"", ""U""], ""Raven"": [""U"", ""8""], ""Bee"": [""8"", ""D""], ""Ox"": [""U"", ""8""]}",Non-probing-deliberation,11170
4cc9e43a-46cd-4ebf-a14a-a18e3ca8cf15,21873752-6ac7-446c-9d40-b80cebd4261b,MESSAGE,Leopard,i dont think that is what the rule is saying,<CARD> dont think that is what the rule is saying,Non-probing-deliberation,Disagree,0,0.625,0.042,I,"{""Narwhal"": [""2"", ""I""], ""Bat"": [""2""], ""Lion"": [""I""], ""Moderating Owl"": [""3"", ""R""], ""Leopard"": [""I""], ""Lobster"": [""3"", ""I""]}",Non-probing-deliberation,5068
f9f884d0-a2d0-405a-bb05-477193e124e8,171ed842-ba64-4aee-afdb-f4024ccc67a1,MESSAGE,Puffin,I have no idea. haha I think I flunked logic.,I have no idea . haha I think I flunked logic .,,0,0,0.65,0.0,,"{""Zebra"": [""E""], ""Puffin"": [""E"", ""5"", ""C"", ""4""], ""Lobster"": [""E"", ""5"", ""C"", ""4""], ""Lion"": [""E""], ""Butterfly"": [""E""]}",None,17043
b381d5ca-df12-447b-8b2d-27bae81f6f7d,457484b2-2dbc-4c96-9ec1-58575ae3889c,MESSAGE,Kiwi,I agree,I agree,Non-probing-deliberation,Agree,0,0.583,0.0,,"{""Llama"": [""E"", ""2""], ""Kiwi"": [""E"", ""2""], ""Narwhal"": [""E""]}",Non-probing-deliberation,11909
cf2e4742-e63f-463c-ac2c-bfb869fa4e72,c629e5c3-b4a9-4b3a-b01a-2be033360e6a,MESSAGE,Koala,'yes giraffe I''m going to go with your solution','yes <MENTION> I''m going to go with your solution',Non-probing-deliberation,Agree,specific_addressee,0.65,0.0,,"{""Raven"": [""E"", ""6""], ""Duck"": [""5""], ""Giraffe"": [""5"", ""6"", ""E""], ""Koala"": [""5"", ""T"", ""6"", ""E""], ""Kiwi"": [""5"", ""6"", ""E""]}",Non-probing-deliberation,13555
d14e8875-e9b3-4ad8-a7cc-eb156521c5be,3ff46b25-c9ae-4969-a692-2f02fd57ab9e,MESSAGE,Dolphin,'But it doesn''t show if the others are contradictory','But it doesn''t show if the others are contradictory',Non-probing-deliberation,Reasoning,0,0.25,0.0,,"{""Dolphin"": [""W""], ""Bee"": [""E"", ""W"", ""9"", ""6""], ""Giraffe"": [""W"", ""6""]}",Non-probing-deliberation,13950
d0baa63b-5b52-46af-863f-ce7da29a1bd4,ccfdeb55-b644-484c-bed4-ab5111825dee,MESSAGE,Narwhal,what rule are you testing?,what rule are you testing ?,Probing,Moderation,0,0.5,0.0,,"{""Alpaca"": [""8"", ""A""], ""Leopard"": [""3"", ""8"", ""A"", ""H""], ""Narwhal"": [""3"", ""8"", ""A"", ""H""]}",Probing,13817
7b804cd2-fc91-420b-b707-d4453af1cb4c,d9d489be-16d1-49ce-b781-b29465716c34,MESSAGE,Duck,oh. Ok. That makes sense,oh . Ok . That makes sense,Non-probing-deliberation,Agree,0,0.75,0.0,,"{""Dolphin"": [""U"", ""9""], ""Alpaca"": [""U""], ""Llama"": [""2"", ""9"", ""T"", ""U""], ""Duck"": [""U"", ""9""], ""Chipmunk"": [""2"", ""9""]}",Non-probing-deliberation,8075
7de715c1-acfb-45e7-a4b3-1c0edfc9a265,36dd676c-f267-49ef-ac1f-56ea5ecc8a30,MESSAGE,Guinea pig,i agree i selected u 6 and 9,i agree i selected <CARD> <CARD> and <CARD>,Non-probing-deliberation,Solution,complete_solution,0.875,0.25,"U,9,6","{""Lion"": [""U"", ""9""], ""Guinea pig"": [""U"", ""9"", ""6""]}",Non-probing-deliberation,8333
10c68bbd-686a-4414-b4f5-ceb1195aa22f,726b9eb3-e93c-432d-a74a-d1bc970b06fb,MESSAGE,Lobster,Since the task states that each card has a number on one side and a letter on the other we can assume that to be true (as part of the rules),Since the task states that each card has a number on one side and a letter on the other we can assume that to be true ( as part of the rules ),Non-probing-deliberation,Reasoning,0,0.625,0.0,,"{""Lobster"": [""3"", ""U""], ""Raven"": [""B""], ""Narwhal"": [""U"", ""4""], ""Emu"": [""3"", ""U"", ""4""]}",Non-probing-deliberation,1141
b586814d-3d66-4ecc-bf1b-5a3cd3718e63,1c3a832e-529e-4596-8079-a06d8e9ab443,MESSAGE,Butterfly,i agree,i agree,Non-probing-deliberation,Agree,0,0.5,0.0,,"{""Giraffe"": [""U"", ""D""], ""Koala"": [""U"", ""4""], ""Butterfly"": [""7"", ""D""], ""Narwhal"": [""U"", ""7"", ""4"", ""D""], ""Lobster"": [""7"", ""D""]}",Non-probing-deliberation,11965
b1d5c668-eb55-440a-ade6-155784bcd0a4,06417682-01a2-468f-a1ed-f50310cbe9c5,MESSAGE,Leopard,I said A and 3,I said <CARD> and <CARD>,Non-probing-deliberation,Solution,complete_solution,0.7,0.0,"3,A","{""Butterfly"": [""3"", ""V"", ""A"", ""4""], ""Leopard"": [""3"", ""A""], ""Koala"": [""A"", ""4""], ""Chipmunk"": [""A"", ""4""], ""Raven"": [""3"", ""A""]}",Non-probing-deliberation,11833
17f99c99-8d93-4102-9767-9b0a5d26f2d8,b1049423-de60-41d9-93a1-39f1d239b4d5,MESSAGE,Leopard,My vote is to leave it alone,My vote is to leave it alone,Non-probing-deliberation,Disagree,0,0.688,0.0,,"{""Koala"": [""E"", ""7""], ""Leopard"": [""Z""], ""Cat"": [""E""], ""Falcon"": [""E""]}",Non-probing-deliberation,1674
2b20c864-a1ee-4b9b-9164-773078f47ae0,fa6ad505-b708-4b0e-9899-a6df038a1954,MESSAGE,Bat,'okay  I agree now.  I guess I wasn''t clear on the rule.','okay I agree now . I guess I wasn''t clear on the rule .',Non-probing-deliberation,Agree,0,0.5,0.0,,"{""Bat"": [""5"", ""4""], ""Falcon"": [""U"", ""4"", ""5"", ""P""], ""Guinea pig"": [""5"", ""P""]}",Non-probing-deliberation,2941
a188a933-55aa-4e10-b998-0e33a6c54f95,c4d8885b-013b-4135-b3e8-f499cbbced6b,MESSAGE,Butterfly,Exactly what Leopard said,Exactly what <MENTION> said,Non-probing-deliberation,Solution,0,0.583,0.0,,"{""Leopard"": [""3""], ""Koala"": [""E"", ""2""], ""Butterfly"": [""E"", ""2""]}",Non-probing-deliberation,10722
5230e824-e8b5-4a70-b22d-600d775249b3,bbb973a3-4520-44af-85d2-b668f10edfc1,MESSAGE,Lobster,'I would say it''s just U then.','I would say it''s just <CARD> then .',Non-probing-deliberation,Reasoning,complete_solution,0.6,0.0,U,"{""Duck"": [""U"", ""9"", ""S"", ""4""], ""Lobster"": [""U""], ""Bee"": [""U"", ""4""], ""Guinea pig"": [""U""], ""Raven"": [""U"", ""4""]}",Non-probing-deliberation,5439
1d490c0b-6192-48f0-8f7a-7ac3c4428ac6,8130b5f3-3d1b-4580-b3a3-a11190c755d0,MESSAGE,Llama,Yes!,Yes !,Non-probing-deliberation,Agree,0,0.55,0.0,,"{""Panda"": [""A"", ""6""], ""Butterfly"": [""A"", ""6""], ""Narwhal"": [""A"", ""6""], ""Dolphin"": [""A"", ""6""], ""Llama"": [""A"", ""9"", ""6""]}",Non-probing-deliberation,2139
7b287ae5-78d6-4caf-9911-7a5d26247a53,c95d9e26-b77d-44f7-a599-1046047917c5,MESSAGE,Hamster,"'no, it doesn''t'","'no , it doesn''t'",Non-probing-deliberation,Disagree,0,0.45,0.0,,"{""Hamster"": [""U"", ""8""], ""Lion"": [""5"", ""U"", ""8"", ""R""], ""Raven"": [""U"", ""8""], ""Bee"": [""R""], ""Dolphin"": [""5"", ""U"", ""8"", ""R""]}",Non-probing-deliberation,8051
dca3b7c4-9483-4d9d-b76b-b7244cd8529a,f0a1111e-f715-4754-91f2-4aead7aa746e,MESSAGE,Falcon,"'We only need to know if the U (vowel) has an even number, and if the 4 (even number) has a vowel on their flip sides, the other two don''t matter for this questioncard'","'We only need to know if the <CARD> ( vowel ) has an even number , and if the <CARD> ( even number ) has a vowel on their flip sides , the other two don''t matter for this questioncard'",Non-probing-deliberation,Reasoning,complete_solution,0.7,0.0,"U,4","{""Leopard"": [""U""], ""Narwhal"": [""U"", ""9""], ""Emu"": [""U"", ""9""], ""Falcon"": [""U"", ""4""], ""Butterfly"": [""4""]}",Non-probing-deliberation,14808
6c9d46ae-b740-4943-bc5b-fec54b66030f,f563daac-420a-482a-8981-4a1b912ca78b,MESSAGE,Leopard,lol,lol,,0,0,0.9,0.0,,"{""Leopard"": [""5"", ""A""], ""Raven"": [""A""], ""Puffin"": [""5""], ""Butterfly"": [""5"", ""A""], ""Bat"": [""5"", ""A""]}",None,7170
95e4de3a-e6fb-463d-8390-d5fefe03bdf5,76161b8e-7577-4d3b-b7b3-8bf6ebb8c236,MESSAGE,Beaver,Hey,Hey,,0,0,0.5,0.0,,"{""Cat"": [""A"", ""6""], ""Beaver"": [""3"", ""A"", ""T"", ""6""]}",None,9859
21d5aeec-9b09-4307-a49a-bfc91af16a19,fdce6462-b753-446d-ba9d-427ae424ea48,MESSAGE,Hedgehog,Correct. So that means the 4 has a vowel on the other side. There are 2 cards that have an even number on one side and a vowel on the other.      ee     h   d       he,Correct . So that means the <CARD> has a vowel on the other side . There are 2 cards that have an even number on one side and a vowel on the other . ee h d he,Non-probing-deliberation,Reasoning,complete_solution,0.375,-0.063,4,"{""Lobster"": [""U""], ""Butterfly"": [""X"", ""4""], ""Narwhal"": [""U"", ""4""], ""Hedgehog"": [""4""]}",Non-probing-deliberation,2410
33d37870-8fcf-47be-9f20-46f0536284a3,05fc5b61-c605-489b-8ae3-53eac57243bc,MESSAGE,Zebra,"so do we select A and hit ""submit game""","so do we select <CARD> and hit "" submit game """,,0,0,0.7,0.0,A,"{""Kiwi"": [""7""], ""Zebra"": [""A""], ""Cat"": [""A""], ""Hedgehog"": [""2"", ""A""], ""Beaver"": [""A""]}",None,3396
21d5aeec-9b09-4307-a49a-bfc91af16a19,faa1f92d-464e-403a-9b12-f3a5f8ac8642,MESSAGE,Hedgehog,'Sorry about the typo''s. I am having trouble with my keyboard      h      g','Sorry about the typo''s . I am having trouble with my keyboard h g',,0,0,0.375,0.0,,"{""Lobster"": [""U""], ""Butterfly"": [""X"", ""4""], ""Narwhal"": [""U"", ""4""], ""Hedgehog"": [""4""]}",None,2411
d2d71e3d-051e-43e2-b4d4-055f43975d16,7370f01b-65cb-4a5e-8a1e-684c9557950a,MESSAGE,Tiger,Haha,Haha,,0,0,0.625,0.0,,"{""Alpaca"": [""E""], ""Tiger"": [""2"", ""R"", ""E"", ""7""]}",None,14048
a8508d25-d063-4908-a56b-a8debecfa1c3,e9c187ae-f0af-49f3-97b2-d6f32cb8e695,MESSAGE,Chipmunk,'I''ll go with that!','I''ll go with that !',Non-probing-deliberation,Agree,0,0.6,0.0,,"{""Alpaca"": [""U"", ""7"", ""4""], ""Chipmunk"": [""U"", ""7"", ""4""], ""Raven"": [""R"", ""4""], ""Unicorn"": [""U""], ""Hamster"": [""U"", ""7"", ""4""]}",Non-probing-deliberation,10972
3383505a-8f39-496a-bc99-71003ed1cc1f,f831e4c5-20aa-40fa-9efb-7fab2df598c6,MESSAGE,Beaver,"yep, 5 or w could have no conclusion","yep , <CARD> or <CARD> could have no conclusion",Non-probing-deliberation,Agree,0,0.438,0.0,"5,W","{""Duck"": [""E"", ""8""], ""Raven"": [""8""], ""Unicorn"": [""E"", ""8""], ""Beaver"": [""5"", ""W""]}",Non-probing-deliberation,3340
ae010897-edf0-469b-983b-85c6c329a8d9,c9de8ec8-91ab-4867-ba08-dc21275585f4,MESSAGE,Koala,I think we need to turn A to test the theory,I think we need to turn <CARD> to test the theory,Non-probing-deliberation,Solution,0,0.667,0.0,A,"{""Panda"": [""A""], ""Koala"": [""A""], ""Beaver"": [""V"", ""A""]}",Non-probing-deliberation,11453
17f99c99-8d93-4102-9767-9b0a5d26f2d8,6e43fed9-2947-4f25-9ec4-d2269e3857cc,MESSAGE,Leopard,No.,No .,Non-probing-deliberation,Disagree,0,0.75,0.0,,"{""Koala"": [""E"", ""7"", ""6"", ""Z""], ""Leopard"": [""7""], ""Cat"": [""E""], ""Falcon"": [""E"", ""7""]}",Non-probing-deliberation,1701
619992c5-728e-42af-8b09-034a9f45266d,6754bdbe-610c-4f37-9f0d-1e1c50bd504d,MESSAGE,Leopard,"'No, the X doesn''t fit the rules'","'No , the <CARD> doesn''t fit the rules'",Non-probing-deliberation,Disagree,0,0.6,-0.1,X,"{""Giraffe"": [""E"", ""4""], ""Butterfly"": [""E""], ""Narwhal"": [""E"", ""X"", ""5"", ""4""], ""Leopard"": [""X""], ""Guinea pig"": [""E"", ""5""]}",Non-probing-deliberation,6437
659aa4d7-553d-4d27-ac22-b1ea5d87e7fb,5e005a3c-5ef5-4291-a161-bc3dee4d0c19,MESSAGE,Bat,Why 3 and w?,Why <CARD> and <CARD> ?,Probing,Reasoning,0,0.438,0.0,"3,W","{""Raven"": [""6"", ""A""], ""Cat"": [""3"", ""W""], ""Bat"": [""3"", ""W""], ""Falcon"": [""6""]}",Probing,6655
506b43d8-a340-4746-88dc-a70e7a6fc65e,b4b095df-d234-4d47-8b9e-6418e45387bd,MESSAGE,Raven,e and 6,<CARD> and <CARD>,Non-probing-deliberation,Solution,complete_solution,0.5,0.0,"E,6","{""Panda"": [""E""], ""Raven"": [""E"", ""6""], ""Koala"": [""6""], ""Puffin"": [""E"", ""6""], ""Zebra"": [""E"", ""6""]}",Non-probing-deliberation,5173
